userid,firstname,lastname,email,address,zipcode
80527,Emerson,Wire,emerson.wire@netscape.com,2 Harris PIace,13835
16548,Tandy,Wire,tandy.wire@gmail.com,106 Garden Square,67353
42322,Heide,Wiedeman,heide.wiedeman@gmail.com,5947 Aultmore Drive,87652
83287,Jacalyn,Whobrey,jacalyn.whobrey@netscape.com,591 Robert Burns Avenue,08035
1903,Mika,Wada,mika.wada@fakeemail.com,35 Hampton Green Loop,14063
39411,Janessa,Wada,janessa.wada@xfinity.com,890 BellshilI Road,07726
17256,Jada,Vogus,jada.vogus@xfinity.com,9 Gold Circle,41011
66707,Carlita,Vogus,carlita.vogus@xfinity.com,75 Augustine Drive,35188
86052,Modesto,Vitiello,modesto.vitiello@xfinity.com,9198 Chapel Circle,68856
51881,Natalie,Vitiello,natalie.vitiello@fakeemail.com,45 Hill Circle,42338
92654,Israel,Vitiello,israel.vitiello@netscape.com,122 West 70th Avenue,26812
70527,Leana,Varnum,leana.varnum@gmail.com,39 EIm Family Church,87652
10643,Nancy,Vantassell,nancy.vantassell@xfinity.com,78 Lincoln Ellsworth Court,88267
47183,Berniece,Vantassell,berniece.vantassell@fakeemail.com,5 Ridge Place,57520
3586,Bobby,Vanderheyden,bobby.vanderheyden@fakeemail.com,1 Scott Street,03582
71409,Tasha,Stracener,tasha.stracener@yahoo.com,3 WoodhalI Avenue,12451
23757,Dovie,Stracener,dovie.stracener@gmail.com,1 Sword Street,79070
6134,Nada,Stracener,nada.stracener@fakeemail.com,527 Charles Path,03462
40307,Theda,Stracener,theda.stracener@yahoo.com,0542 Spruce View Loop,04450
30641,Hellen,Siddiqui,hellen.siddiqui@fakeemail.com,5 Grizzly Trailer Court,30710
19758,Joanne,Shiflett,joanne.shiflett@gmail.com,5437 Morningside Road,72310
3169,Marin,Schoolcraft,marin.schoolcraft@xfinity.com,7179 Soyuz Circle,84739
98486,Marissa,Saum,marissa.saum@netscape.com,22 Shepford PIace,10566
98786,Jimmy,Rutan,jimmy.rutan@netscape.com,1 Desiree Loop,67354
25414,Wilma,Rodden,wilma.rodden@yahoo.com,100 Lomond Piace,45380
72897,Eunice,Rodden,eunice.rodden@gmail.com,311 Grumman Street,67448
47122,Cammy,Redfern,cammy.redfern@fakeemail.com,447 Oakbank Street,50223
69317,Alphonse,Redfern,alphonse.redfern@xfinity.com,7246 Ardfern Road,01827
98688,Lorna,Redfern,lorna.redfern@netscape.com,492 Crabtree Lane,14216
85188,Tandy,Reay,tandy.reay@netscape.com,305 Balblair Road,14454
61107,Enedina,Ramsden,enedina.ramsden@gmail.com,243 Ballater Way,90713
50986,Maxie,Ramsden,maxie.ramsden@fakeemail.com,03 Glen Alps Road,41095
6097,Lavenia,Ramsden,lavenia.ramsden@xfinity.com,9516 Broomfield Street,04849
96516,Clara,Pritt,clara.pritt@netscape.com,32 Abbington Court,55040
71508,Lita,Pritt,lita.pritt@xfinity.com,7675 Kenmuir Street,19064
61663,Adelaida,Pontbriand,adelaida.pontbriand@xfinity.com,8 Hazelbank,52802
39903,Keely,Pettibone,keely.pettibone@fakeemail.com,62 Garnkirk Lane,23230
80164,Nevada,Pellom,nevada.pellom@netscape.com,2681 Timberwolf Circle,87652
98196,Golden,Pellom,golden.pellom@netscape.com,1 Auldhame Street,18469
51697,Mercy,Pawlik,mercy.pawlik@xfinity.com,7350 Mason Court,60119
98744,Dominick,Pawlik,dominick.pawlik@xfinity.com,9 Hillbrook Circle,13140
84398,Travis,Paulseth,travis.paulseth@netscape.com,0149 Eastwood Court,76133
88362,Shavonne,Paulseth,shavonne.paulseth@netscape.com,5032 Brandywine Avenue,57242
19816,Ardath,Pasaya,ardath.pasaya@xfinity.com,9 Exeter Street,08823
9825,Ashlyn,Pasaya,ashlyn.pasaya@fakeemail.com,51 Northpointe Bluff Drive,34224
42290,Melaine,Paras,melaine.paras@fakeemail.com,417 Thomas Circle,39669
99293,David,Pajerski,david.pajerski@netscape.com,6471 Inchnock Avenue,12847
12406,Leone,Pajerski,leone.pajerski@fakeemail.com,3360 McGregor Path,21402
28609,Ilona,Osmond,ilona.osmond@xfinity.com,9 Fallow Circle,74332
55927,Carly,Osmond,carly.osmond@xfinity.com,8 Stellar Jay Lane,43054
84504,Chanel,Opula,chanel.opula@netscape.com,6 Wheatholm Street,26633
72266,Elmira,Ondik,elmira.ondik@gmail.com,22 Woronzof Drive,96121
35623,Barbar,Oehmig,barbar.oehmig@gmail.com,47 Crestwood Street,76462
25048,Belinda,Oehmig,belinda.oehmig@fakeemail.com,6 Bredisholm Crescent,04030
80876,Jaleesa,Ochinang,jaleesa.ochinang@netscape.com,11 Seabreeze Circle,73951
74369,Karlene,Nykiel,karlene.nykiel@fakeemail.com,0 Clay Court,28357
50383,Juan,Nykiel,juan.nykiel@fakeemail.com,5 Polaris Way,12759
2739,Melvina,Nykiel,melvina.nykiel@fakeemail.com,2 Hollow Street,11422
53422,Ana,Noordam,ana.noordam@gmail.com,0421 Belsey Street,68860
52543,Margy,Noordam,margy.noordam@fakeemail.com,37 Rochsolloch Farm Cottages,30108
22514,Elenore,Noiseux,elenore.noiseux@xfinity.com,911 Coach PIace,85340
66149,Deja,Nivala,deja.nivala@gmail.com,4 Kershner Avenue,68127
40257,Michele,Nickenberry,michele.nickenberry@xfinity.com,7853 Diamond Circle,44288
28199,Marita,Nickenberry,marita.nickenberry@fakeemail.com,58 BalmoraI Gardens,15530
87739,Lavenia,Neither,lavenia.neither@netscape.com,3 Corvus Place,45309
85348,Azucena,Mullison,azucena.mullison@xfinity.com,728 Cam Island Circle,02881
24052,Donnette,Moodispaugh,donnette.moodispaugh@xfinity.com,7083 Dornoch Way,55425
4932,Caitlyn,Moodispaugh,caitlyn.moodispaugh@gmail.com,205 Braeside Avenue,80645
8883,Oleta,Monrow,oleta.monrow@xfinity.com,85 Dunvegan PIace,83463
65637,Hedwig,Monks,hedwig.monks@fakeemail.com,0062 Watt Crescent,24526
29396,Arlyne,Monks,arlyne.monks@fakeemail.com,48 Mendocino Circle,12456
99235,Amelia,Monfore,amelia.monfore@netscape.com,221 OchiI View,44866
80753,Vilma,Mohorovich,vilma.mohorovich@netscape.com,1522 Gold Circle,53177
56480,Lucia,Moghadam,lucia.moghadam@fakeemail.com,5761 Loch Road,48030
7210,Concha,Millstead,concha.millstead@xfinity.com,9 West 70th Avenue,26886
34114,Robbi,Miessler,robbi.miessler@gmail.com,7 Mc Cabe Circle West,94102
44584,Audie,Miessler,audie.miessler@xfinity.com,8234 East 58th Court,10011
71923,Roxy,Mezzanotte,roxy.mezzanotte@yahoo.com,334 East 19th Court,05033
57030,Maritza,Meteer,maritza.meteer@xfinity.com,77 Jordan Circle,01107
55244,Samella,Merkley,samella.merkley@yahoo.com,5282 Merryton Road,12970
64321,Noelia,Mellady,noelia.mellady@xfinity.com,9 Young Piace,79316
63624,Earnestin,Meggett,earnestin.meggett@gmail.com,44 Alpweg,93544
33305,Darcie,Meeds,darcie.meeds@fakeemail.com,40 North Park Street,61865
18372,Kirstie,Meeds,kirstie.meeds@fakeemail.com,4551 West 70th Place,15683
93850,Kathlene,Mcnespey,kathlene.mcnespey@netscape.com,108 Java Street,25444
1184,Christa,Mcnespey,christa.mcnespey@fakeemail.com,20 Kirkwood Road,27824
57729,Somer,Mcnespey,somer.mcnespey@yahoo.com,3873 Seawolf Drive,60437
34244,Damion,Mclilly,damion.mclilly@fakeemail.com,55 Alpine Laurel Drive,43527
18054,Emiko,Mcleskey,emiko.mcleskey@gmail.com,1365 St Denis Way,77303
39397,Fabian,Mcleskey,fabian.mcleskey@fakeemail.com,4689 Barney Circle,10031
47339,Norbert,Mcleroy,norbert.mcleroy@yahoo.com,3470 Cimarron Circle,05907
18292,Lakiesha,Mcguirk,lakiesha.mcguirk@xfinity.com,74 Miller PIace,68823
16398,Karren,Mcguirk,karren.mcguirk@gmail.com,581 Orchard Place,80303
89985,Lani,Mcguffie,lani.mcguffie@netscape.com,0718 King Eider Lane,45406
17000,Ester,Mcgranahan,ester.mcgranahan@xfinity.com,8 Ross Court,47963
67463,Claud,Mcgloster,claud.mcgloster@fakeemail.com,27 GIenview Crescent,41472
87144,Adaline,Mcgloster,adaline.mcgloster@netscape.com,18 East 54th Court,72639
78326,Paulette,Mcglockton,paulette.mcglockton@xfinity.com,8057 Gartcarron Hill,02155
84678,Fiona,Mcgaffee,fiona.mcgaffee@netscape.com,56 Carrickvale Court,10504
40952,Britney,Mcfadin,britney.mcfadin@gmail.com,548 Woodward Drive,80022
82627,Trudy,Mcfadin,trudy.mcfadin@xfinity.com,9 Dawn Street,16055
88608,Pia,Mcenaney,pia.mcenaney@netscape.com,2966 Graystonelee Road,10606
52235,Priscila,Mathen,priscila.mathen@yahoo.com,09 Zurich Street,25025
37576,Tyree,Marinko,tyree.marinko@xfinity.com,963 Chestnut PIace,22181
57074,Tyson,Marchesseaul,tyson.marchesseaul@yahoo.com,3 St Mungo's Crescent,50468
91871,Arla,Marchesseaul,arla.marchesseaul@netscape.com,0 Quarrybrae Gardens,02129
63553,Van,Marchesseaul,van.marchesseaul@xfinity.com,94 Marten Street,62985
45419,Anton,Maratos,anton.maratos@xfinity.com,76 Denise Circle,03446
8680,Cecelia,Mantele,cecelia.mantele@fakeemail.com,3430 Smithstone Crescent,37369
83507,Lincoln,Maddoy,lincoln.maddoy@netscape.com,5 Stanley Park Circle,24981
58233,Leigha,Maddoy,leigha.maddoy@fakeemail.com,0961 Locksley PIace,32130
65071,Cherry,Macurdy,cherry.macurdy@fakeemail.com,0549 Redburn PIace,12737
27832,Phuong,Luzi,phuong.luzi@yahoo.com,01 Dicks Street,08005
9479,Frieda,Loverdi,frieda.loverdi@fakeemail.com,614 Plymouth Circle,60181
88769,Edwina,Loverdi,edwina.loverdi@netscape.com,6 Connors Trail Circle,61368
8443,Fidela,Lofwall,fidela.lofwall@fakeemail.com,4 ShieI PIace,12149
81742,Sixta,Lofwall,sixta.lofwall@netscape.com,6 Molanary Drive,39759
42233,Fredrick,Loch,fredrick.loch@xfinity.com,901 Kew Gardens,50849
91575,Lorita,Littell,lorita.littell@netscape.com,0 Castle Road,57640
23590,Christena,Lisker,christena.lisker@fakeemail.com,7 Geirinhas Place,61084
96958,Laverne,Lipira,laverne.lipira@netscape.com,0755 Kluane Avenue,17320
90168,Cherelle,Lindblom,cherelle.lindblom@netscape.com,084 HazeI Path,10013
76460,Remedios,Lindblom,remedios.lindblom@yahoo.com,1 GIendorch Avenue,48745
26518,Sun,Libberton,sun.libberton@gmail.com,08 Til Circle,77059
28685,Zana,Leyh,zana.leyh@xfinity.com,7338 Hazen Circle,11758
45167,Aleen,Leyh,aleen.leyh@gmail.com,086 Ailsa Avenue,78636
78046,Cordia,Leyh,cordia.leyh@xfinity.com,9 Stanecraigs PIace,08053
85388,Demetrice,Lepetich,demetrice.lepetich@xfinity.com,8 Roop Road,27530
160,Maurine,Lepetich,maurine.lepetich@fakeemail.com,4005 Brandy Circle,37318
87826,Jeannetta,Lepetich,jeannetta.lepetich@xfinity.com,829 Darby Road,30206
25602,Kelvin,Lepetich,kelvin.lepetich@fakeemail.com,04 Habicht Court,63074
16276,Sandi,Lehning,sandi.lehning@yahoo.com,60 Wentworth Circle,62838
47714,Daphne,Lehning,daphne.lehning@xfinity.com,8 Aitken Street,17024
73462,Porfirio,Leanza,porfirio.leanza@yahoo.com,1 Parkwood Circle,08840
72743,Phung,Lavgle,phung.lavgle@yahoo.com,3 Whitepond Avenue,64499
18816,Oralia,Lavgle,oralia.lavgle@yahoo.com,2162 Constitution Circle,30290
69761,Lyla,Lavgle,lyla.lavgle@xfinity.com,9812 Dakala Court,13077
70276,Claudine,Lavelli,claudine.lavelli@fakeemail.com,558 Great North Circle,05041
11622,Miki,Lanze,miki.lanze@fakeemail.com,52 Kingfisher Drive,37819
90941,Evie,Lanze,evie.lanze@netscape.com,1053 Sharon Place,54180
54650,Marie,Lambertus,marie.lambertus@gmail.com,0 Moss Creek Avenue,76632
5567,Karri,Lambertus,karri.lambertus@gmail.com,6 Ransom Ridge Road,87652
51438,Karissa,Laman,karissa.laman@xfinity.com,75 Susitna View Court,96105
13238,Doyle,Laggan,doyle.laggan@fakeemail.com,65 Seville Circle,49890
72010,Angelena,Laggan,angelena.laggan@fakeemail.com,12 Cairnhope Avenue,57714
81510,Stephenie,Kyseth,stephenie.kyseth@netscape.com,4179 Emma Jay Road,60118
85007,Celestina,Kutlu,celestina.kutlu@netscape.com,3 Sherrie Street,04667
81731,Torie,Kutlu,torie.kutlu@xfinity.com,7749 GIengariff Road,20852
93777,Walton,Kutlu,walton.kutlu@netscape.com,4 HazeI Bank,23124
97361,Gregg,Kurr,gregg.kurr@netscape.com,352 East Cook Avenue,65257
53441,Lynna,Kurr,lynna.kurr@gmail.com,460 Vulcan Street,74954
25341,Scott,Kruzel,scott.kruzel@yahoo.com,664 Forrest Park,06811
41432,Francoise,Krumbein,francoise.krumbein@xfinity.com,96 Konrad Circle,56028
57364,Rueben,Krolick,rueben.krolick@yahoo.com,7 Lingon Berry Court,41266
28279,Winnifred,Krebbs,winnifred.krebbs@yahoo.com,479 Curlinghaugh Crescent,52748
28165,Mirtha,Krawczyk,mirtha.krawczyk@fakeemail.com,7 Browning Drive,18407
17530,Jennefer,Kravets,jennefer.kravets@xfinity.com,81 Abbott Road,12522
84337,Kaley,Kravets,kaley.kravets@netscape.com,61 Ashwood Street,26410
76394,Marcell,Kosareff,marcell.kosareff@fakeemail.com,5252 Smithstone Crescent,23175
12476,Davida,Komula,davida.komula@fakeemail.com,1 Metz Court,52753
23476,Larhonda,Kolts,larhonda.kolts@fakeemail.com,3 Kiliak Place,18058
38833,April,Kolts,april.kolts@fakeemail.com,045 Greenwood Street,20608
70139,Jannette,Kolts,jannette.kolts@gmail.com,44 Ocean Point Drive,92543
94187,Coleman,Kolstad,coleman.kolstad@netscape.com,573 Daybreak Court,65037
67274,Kera,Kolstad,kera.kolstad@gmail.com,3657 Brodick Avenue,71447
180,Abel,Kolstad,abel.kolstad@fakeemail.com,555 Ludlow Circle,01581
73793,Nelle,Kochkodin,nelle.kochkodin@fakeemail.com,28 Keri Court,45111
83478,Garfield,Kochkodin,garfield.kochkodin@xfinity.com,8332 Angus Gardens,71763
92916,Florance,Knorp,florance.knorp@xfinity.com,81 Markstrom Drive,05445
26801,Romelia,Kneser,romelia.kneser@xfinity.com,8045 Heritage Road,68437
94983,Genevieve,Klitsch,genevieve.klitsch@xfinity.com,88 Mary Esther Drive,43963
35916,Tonie,Klitsch,tonie.klitsch@xfinity.com,99 Selby PIace,87652
20186,Starr,Klitsch,starr.klitsch@yahoo.com,4 Hallside Gardens,22003
46062,Joesph,Klingaman,joesph.klingaman@fakeemail.com,026 Auchenkilns Park,66732
84949,Angelena,Keaty,angelena.keaty@netscape.com,70 Hollowbrook Circle,58421
1686,Guy,Keaty,guy.keaty@fakeemail.com,38 Geronimo Circle,30187
55600,Laurette,Kazabi,laurette.kazabi@xfinity.com,9656 Seacloud Circle,05660
74000,Stasia,Kazabi,stasia.kazabi@yahoo.com,089 Hamlet Circle,63013
57088,Melaine,Kawasaki,melaine.kawasaki@fakeemail.com,29 Kildrummy Drive,43540
92386,Thomasena,Kaszinski,thomasena.kaszinski@netscape.com,6278 Kimball Street,78416
81719,Geri,Karnas,geri.karnas@netscape.com,6612 Marquez Circle,29575
1078,Efrain,Karnas,efrain.karnas@xfinity.com,765 GreenhilI Primary School,97838
77398,Alpha,Karnas,alpha.karnas@xfinity.com,9515 Campsie View,55001
85492,Lorena,Kardux,lorena.kardux@xfinity.com,9 Wellington Street,95672
78897,Nohemi,Kardux,nohemi.kardux@netscape.com,403 Alice Loop,03110
26251,Hermina,Kardux,hermina.kardux@fakeemail.com,496 Main Street+A3931,37213
10950,Suzette,Ivery,suzette.ivery@gmail.com,21 East 69th Avenue,86334
97321,Loan,Ivery,loan.ivery@netscape.com,5 Kirk Road,37885
99173,Nella,Ivery,nella.ivery@xfinity.com,8677 Hawthorn Terrace,55808
86826,Pearline,Isiminger,pearline.isiminger@netscape.com,1 Lochart PIace,73572
21437,Nicki,Isiminger,nicki.isiminger@fakeemail.com,2738 East 145th Avenue,14476
55759,Benedict,Isiminger,benedict.isiminger@fakeemail.com,37 Roundabout Way,55055
37571,Malik,Isiminger,malik.isiminger@fakeemail.com,7 Lincoln Ellsworth Court,50158
25516,Ernestine,Incarnato,ernestine.incarnato@fakeemail.com,0670 Hermes Street,29014
24738,Carlene,Huhn,carlene.huhn@xfinity.com,9540 Yukon Road,31305
57236,Blossom,Huhn,blossom.huhn@gmail.com,6219 Covenanter Road,72341
60531,Maryln,Horseford,maryln.horseford@xfinity.com,857 Curvi Street,45236
98630,Kaye,Holms,kaye.holms@xfinity.com,92 The Crescent,92503
2845,Tameika,Hojczyk,tameika.hojczyk@gmail.com,4 Waxwing Circle,81006
7171,Taylor,Hojczyk,taylor.hojczyk@yahoo.com,5 GIen Fruin PIace,08551
74093,Albert,Hockley,albert.hockley@fakeemail.com,703 Gunn Quadrant,55398
90259,Catarina,Hockley,catarina.hockley@netscape.com,38 Barrie Street,23850
94329,Caitlyn,Hibble,caitlyn.hibble@netscape.com,7 Coursington Crescent,41763
75733,Shera,Hibble,shera.hibble@yahoo.com,0 Mountain Point Drive,12816
45754,Horacio,Hewey,horacio.hewey@gmail.com,673 Coltswood Road,72845
89770,Willis,Hevey,willis.hevey@netscape.com,67 Linden Avenue,58057
7617,Altagraci,Hevey,altagraci.hevey@gmail.com,49 Antelope Lane,95637
86742,Esmeralda,Hevey,esmeralda.hevey@netscape.com,6 Carrick Crescent,85542
30773,Ada,Headlon,ada.headlon@fakeemail.com,49 Thorniewood Gardens,62462
54988,Molly,Harling,molly.harling@fakeemail.com,44 Devonshire Circle,64096
29694,Daina,Harling,daina.harling@fakeemail.com,07 Abernethyn Road,45326
15921,Ruben,Harling,ruben.harling@yahoo.com,6607 Duke Drive,37754
31027,Oleta,Hannaman,oleta.hannaman@yahoo.com,67 Kathy Drive,16927
50766,Etta,Halmstead,etta.halmstead@gmail.com,2749 East 46th Place,84010
84840,Chantal,Hallie,chantal.hallie@netscape.com,0 Jordan PIace,12719
67693,Marcelene,Hagins,marcelene.hagins@fakeemail.com,051 Gartmore Lane,26813
65888,Hyo,Hagins,hyo.hagins@fakeemail.com,1550 Ferguson Road,30445
82908,Graciela,Guenin,graciela.guenin@xfinity.com,9 Skibo PIace,06385
34240,Lashawn,Groshek,lashawn.groshek@fakeemail.com,2734 Dakota Street,47567
83209,Helaine,Gravit,helaine.gravit@netscape.com,4519 Centurion Drive,87565
39899,Pa,Grandstaff,pa.grandstaff@yahoo.com,1142 West 123rd Avenue,08722
4069,Kitty,Goodspeed,kitty.goodspeed@xfinity.com,9705 Chilkat Court,04029
93764,Wei,Goodspeed,wei.goodspeed@netscape.com,597 Mary Circle,49281
70967,Tamatha,Gondek,tamatha.gondek@xfinity.com,7967 Wiley Post Avenue,10040
93491,Herta,Goldak,herta.goldak@netscape.com,354 South Park Drive,95668
48276,Ava,Goeden,ava.goeden@fakeemail.com,1793 Kilbowie Road,45653
67837,Sandra,Gillerist,sandra.gillerist@gmail.com,3710 Brambling Path,98610
80288,Lorita,Gillerist,lorita.gillerist@netscape.com,3332 Baby Bear Drive,72951
2839,Jacki,Gibb,jacki.gibb@fakeemail.com,0 Devonview Street,59483
31617,Rowena,Giandelone,rowena.giandelone@yahoo.com,04 Moose Road,54020
17046,Ezekiel,Ganz,ezekiel.ganz@fakeemail.com,2284 Navar Court,16735
19353,Misty,Gangadyal,misty.gangadyal@xfinity.com,72 North Point Drive,50433
4814,Kurtis,Galanga,kurtis.galanga@fakeemail.com,1 Blythe Way,03588
87476,Saturnina,Galanga,saturnina.galanga@netscape.com,0 Comet Court,01945
44576,Keisha,Fukuroku,keisha.fukuroku@fakeemail.com,3 East 58th Avenue,17406
61789,Calandra,Fukuroku,calandra.fukuroku@fakeemail.com,586 Beatson Wynd,44048
93706,Pearlie,Fukuroku,pearlie.fukuroku@xfinity.com,83 Granite Park Circle,35986
79746,Rhoda,Francisque,rhoda.francisque@netscape.com,4 Southview PIace,85630
39525,Nova,Francisque,nova.francisque@xfinity.com,748 Landmark Court,05358
51334,Reuben,Francisque,reuben.francisque@yahoo.com,26 Dicks Street,42202
54413,Elane,Francisque,elane.francisque@fakeemail.com,429 Tahoe Ridge Circle,42326
90073,Chere,Fragassi,chere.fragassi@netscape.com,41 Kilmartin PIace,67218
75904,Jerrold,Fragassi,jerrold.fragassi@fakeemail.com,119 Garqueen Crescent,65662
56104,Arlie,Fragassi,arlie.fragassi@fakeemail.com,16 Beechwood Court,12578
29947,Adeline,Fragassi,adeline.fragassi@fakeemail.com,504 Bunnyshoe Circle,64440
7708,Garnet,Forston,garnet.forston@xfinity.com,8447 Collie Hill Way,54601
47003,Annett,Forston,annett.forston@fakeemail.com,20 Joyce Road,63115
58685,Clorinda,Fonder,clorinda.fonder@fakeemail.com,3 Ruby Street,30327
42783,Denae,Fonder,denae.fonder@xfinity.com,730 Sunstone Circle,93725
53702,Faye,Fonder,faye.fonder@gmail.com,3650 Hideaway Lake Drive,97498
66912,Karren,Figlar,karren.figlar@fakeemail.com,60 Beaujolais Drive,53507
3583,Beatris,Fereday,beatris.fereday@fakeemail.com,1250 Marigold Avenue,17045
10789,Chae,Fereday,chae.fereday@fakeemail.com,1263 Silverwood Way,47932
76459,Dakota,Fenoff,dakota.fenoff@fakeemail.com,211 Lexington Circle,49116
7230,Nicole,Fekete,nicole.fekete@xfinity.com,8 Shumagin Circle,51526
25371,Anabel,Fekete,anabel.fekete@xfinity.com,84 Barlanfauld Street,06422
85824,Gayle,Fekete,gayle.fekete@xfinity.com,9334 Golden Berry Avenue,39470
76339,Shon,Feeling,shon.feeling@yahoo.com,660 RaewelI Crescent,04268
48549,Jeanna,Feduccia,jeanna.feduccia@fakeemail.com,384 Tweedmuir PIace,33070
77521,Kathyrn,Fazzinga,kathyrn.fazzinga@fakeemail.com,12 East Zeus Circle,01013
121,Rosalva,Falacco,rosalva.falacco@xfinity.com,9848 Quest Circle,50519
37182,Patty,Evanchyk,patty.evanchyk@yahoo.com,3921 Carron Street,23307
39536,Meghann,Evanchyk,meghann.evanchyk@xfinity.com,820 Jill Street,59730
2328,Deborah,Ethel,deborah.ethel@gmail.com,544 Kirkview Court,84080
66733,Carlton,Eracleo,carlton.eracleo@fakeemail.com,68 Saint Johann Loop,59828
95254,Estella,Eracleo,estella.eracleo@netscape.com,25 Auld Road,54770
96067,Chu,Engleman,chu.engleman@xfinity.com,750 Lassen Street,76018
90574,Austin,Ellerkamp,austin.ellerkamp@netscape.com,0 Needle Drive,95367
72858,Coral,Eklov,coral.eklov@fakeemail.com,0615 SIoy Street,32904
58937,Gina,Eichstadt,gina.eichstadt@gmail.com,5 Dolly Varden Avenue,76064
4532,Lola,Eichenauer,lola.eichenauer@xfinity.com,8 GIen CIova Drive,07111
92715,Ed,Egbe,ed.egbe@netscape.com,60 Hickory Crescent,10012
71070,Niesha,Durol,niesha.durol@yahoo.com,6218 Marmion Crescent,30179
57199,Hung,Dukeshire,hung.dukeshire@fakeemail.com,05 Jill Street,07302
56612,Delsie,Dukeshire,delsie.dukeshire@fakeemail.com,5393 Cotton Vale,63675
53034,Kathleen,Dukeshire,kathleen.dukeshire@fakeemail.com,2418 Valleywood Drive,63362
85536,Marisha,Dubreuil,marisha.dubreuil@netscape.com,28 FIoyd Street,29644
83396,Kasha,Dubreuil,kasha.dubreuil@netscape.com,501 Mills Drive,36756
45669,Debora,Dorcent,debora.dorcent@fakeemail.com,53 Golden Hills Lane,55046
36524,Ericka,Dorcent,ericka.dorcent@gmail.com,2 Chisana Street,85624
64569,Raye,Doliveira,raye.doliveira@gmail.com,1 Cornelia Street,72016
72697,Myung,Doliveira,myung.doliveira@gmail.com,2 FIeming Court,77045
95652,Lissa,Dobyns,lissa.dobyns@xfinity.com,8765 Woodburn Street,77517
48337,Carlo,Dobb,carlo.dobb@gmail.com,573 Eastbrook Circle,92708
22474,Cherelle,Dobb,cherelle.dobb@xfinity.com,873 Herb Place,87652
16464,Tamiko,Discher,tamiko.discher@yahoo.com,45 Baum Lane,63012
9363,Tarsha,Dimauro,tarsha.dimauro@xfinity.com,808 Lone Tree Drive,72721
35341,Miquel,Dibrino,miquel.dibrino@fakeemail.com,640 Fuller Street,30629
21523,Lakiesha,Dibrino,lakiesha.dibrino@fakeemail.com,16 Echo Ridge Drive,47711
76544,Adele,Diachenko,adele.diachenko@fakeemail.com,4 Avon Drive,02129
78370,Ciera,Deshotel,ciera.deshotel@netscape.com,6534 Archibald PIace,15777
84526,Fermin,Deshotel,fermin.deshotel@netscape.com,38 Tamarack Street,17022
96386,Raleigh,Deshotel,raleigh.deshotel@xfinity.com,78 Agostino Mine Road,76022
13402,Dotty,Derenzis,dotty.derenzis@fakeemail.com,2255 Park Crescent,39367
7957,Jeffrey,Depippo,jeffrey.depippo@fakeemail.com,2679 CrosshilI Drive,53594
37109,Elton,Depetris,elton.depetris@fakeemail.com,18 Linden Circle,12943
34152,Glynis,Depetris,glynis.depetris@xfinity.com,9322 Gordon PIace,28905
26686,Miyoko,Depetris,miyoko.depetris@xfinity.com,8252 East Bluff Drive,06479
32346,Merilyn,Demich,merilyn.demich@xfinity.com,8 Shady Court,74130
492,Melani,Demich,melani.demich@xfinity.com,7527 Burnbank Street,88133
29894,Fredda,Demich,fredda.demich@xfinity.com,787 Myvot Road,45067
16684,Branden,Demich,branden.demich@gmail.com,14 Strathavon Crescent,72653
10966,Deandre,Delmont,deandre.delmont@aol.com,19 Hummer Bay Loop,54445
54325,Keena,Delmont,keena.delmont@aol.com,6 West 28th Court,40737
14501,Cynthia,Dellapina,cynthia.dellapina@aol.com,2 Merkland Road,47587
56260,Garry,Dejager,garry.dejager@aol.com,630 Springfield Road,05495
33901,Moira,Dejager,moira.dejager@gmail.com,42 Ridgeview Drive,95981
15543,Janeen,Davydov,janeen.davydov@xfinity.com,7237 Foxhall Drive,06250
57356,Leigh,Davydov,leigh.davydov@xfinity.com,75 Bowling Green Road,04642
80424,Odilia,Damphousse,odilia.damphousse@netscape.com,0640 Cosmos Drive,50109
27228,Logan,Damphousse,logan.damphousse@aol.com,27 Longbow Drive,10507
29412,Julio,Cyler,julio.cyler@xfinity.com,900 Craig Creek Circle,23354
67229,Juliet,Cyler,juliet.cyler@aol.com,65 Silver Spring Circle,30292
23664,Lupita,Cuzzo,lupita.cuzzo@aol.com,67 Burnside View,65256
98114,Phoebe,Craan,phoebe.craan@netscape.com,7 Meadow Ridge Court,44681
62249,Sherise,Covitt,sherise.covitt@aol.com,2851 South Kanaga Loop,53150
10909,Carola,Covitt,carola.covitt@gmail.com,6 Abbey Way,72143
49231,Lorine,Couey,lorine.couey@aol.com,6 Overjohnstone Drive,31811
33241,Cythia,Cornea,cythia.cornea@aol.com,64 Finnie Wynd,56134
90477,Regina,Coolbrith,regina.coolbrith@netscape.com,5 Croy Bank Court,10007
93479,Siobhan,Conoly,siobhan.conoly@xfinity.com,96 Chaimi Loop,29943
50687,Artie,Conoly,artie.conoly@xfinity.com,84 AIder Grove,28110
93153,Phylis,Concho,phylis.concho@netscape.com,19 Tyee Circle,04932
36322,Berenice,Colabrese,berenice.colabrese@aol.com,3 Don Circle,42601
10295,Annamarie,Cocran,annamarie.cocran@gmail.com,4 Shemya Drive,98814
99111,Margorie,Cocran,margorie.cocran@netscape.com,4478 Woodridge Circle,61755
44567,Camelia,Cocran,camelia.cocran@aol.com,703 Raven Street,44515
13332,Adrian,Cocran,adrian.cocran@xfinity.com,875 Cascade Circle,97394
14112,Renae,Clarendon,renae.clarendon@aol.com,23 Grey Wolf Circle,11212
24599,Shelba,Cirioni,shelba.cirioni@aol.com,011 Fortier Circle,60084
49421,Danyel,Choulnard,danyel.choulnard@aol.com,02 Berwick Crescent,10474
96471,Dorris,Chiotti,dorris.chiotti@xfinity.com,964 Sunnyside Gate,27869
51799,Youlanda,Chanchuan,youlanda.chanchuan@aol.com,63 Lashley Grove,06259
53783,Lizzette,Chanchuan,lizzette.chanchuan@aol.com,0 Courage Drive,22091
36603,Marianna,Chanchuan,marianna.chanchuan@xfinity.com,8 Fairmont Road,56338
76189,Sharika,Chalaban,sharika.chalaban@aol.com,41 Wyvis Way,49706
93814,Caitlin,Chalaban,caitlin.chalaban@netscape.com,68 Lauranne PIace,13208
76067,Ozie,Chaidy,ozie.chaidy@gmail.com,67 Dykehead Crescent,67863
85767,Lasonya,Chaidy,lasonya.chaidy@netscape.com,68 Drumfin Avenue,30708
29307,Cassy,Chaidy,cassy.chaidy@aol.com,025 Birdsong Drive,36507
67186,Yajaira,Chaidy,yajaira.chaidy@aol.com,2 Scarborough Drive,45673
70214,Janine,Cashen,janine.cashen@aol.com,3 Linden Circle,41604
5394,Isidro,Carabello,isidro.carabello@gmail.com,14 EIm Family Church,70516
26159,Loree,Canak,loree.canak@gmail.com,074 Gibson Quadrant,94937
43710,Dortha,Canak,dortha.canak@xfinity.com,7525 CIarinda PIace,80132
96342,Tiffanie,Camon,tiffanie.camon@netscape.com,2781 Thistle Quadrant,48460
16714,Lucia,Cabe,lucia.cabe@xfinity.com,740 Braesburn Road,68528
92233,Denise,Brockmann,denise.brockmann@netscape.com,2516 Trudy Street,91901
6985,Shameka,Briles,shameka.briles@xfinity.com,96 Gold Avenue,45760
67392,Della,Briddick,della.briddick@gmail.com,1378 Rand Drive,68868
31991,Caroll,Bourns,caroll.bourns@aol.com,076 Third Street,33486
57722,Crystle,Bosse,crystle.bosse@xfinity.com,882 Kylie Circle,68736
8873,Marketta,Blide,marketta.blide@aol.com,43 Wester Moffat Crescent,59874
60972,Domonique,Blide,domonique.blide@gmail.com,6 Ralston Street,75750
52204,Renato,Blide,renato.blide@aol.com,5 Tulwar Drive,12801
19628,Maragret,Blessett,maragret.blessett@aol.com,7038 Graham PIace,06478
44588,Alla,Blessett,alla.blessett@aol.com,4529 Drumnessie View,04923
37241,Phylis,Blanquart,phylis.blanquart@gmail.com,5 Laird Grove,67863
96628,Enedina,Blanquart,enedina.blanquart@netscape.com,6 Samuel Court,97435
50098,Priscila,Blanko,priscila.blanko@aol.com,537 Hillhaven Circle,14059
17652,Belva,Blanko,belva.blanko@xfinity.com,805 Vulcan Street,38236
52995,Cristophe,Blanko,cristophe.blanko@aol.com,0710 Copper Mountain Circle,15462
58868,Everett,Bjerknes,everett.bjerknes@aol.com,3 Dalshannon PIace,06119
44135,Patricia,Bjerknes,patricia.bjerknes@aol.com,4860 Birch Knoll Loop,17033
52765,Evelia,Bjerknes,evelia.bjerknes@aol.com,0462 Stevenston Street,07931
4030,Doreatha,Biersack,doreatha.biersack@xfinity.com,91 Beach Circle,30733
45074,Ollie,Bhaskar,ollie.bhaskar@aol.com,2743 Concord Hill Circle,62095
60810,Bettye,Berrocal,bettye.berrocal@aol.com,1172 McLaughlan View,25922
51751,Alane,Berrocal,alane.berrocal@gmail.com,1410 FIoyd Street,75126
26017,Gerri,Berrocal,gerri.berrocal@aol.com,455 L And L Trailer Court,04949
65468,Candy,Bernatchez,candy.bernatchez@aol.com,39 HeatherbelI Court,49849
25092,Felipa,Bernatchez,felipa.bernatchez@xfinity.com,71 Twining Drive,01270
67154,Jacki,Bedolla,jacki.bedolla@aol.com,2 Oronsay Road,61847
1820,Karole,Bedolla,karole.bedolla@aol.com,41 Shelburne Road,04411
79263,Velda,Bedolla,velda.bedolla@netscape.com,0 Blueridge Place,03280
88871,Susie,Bedenfield,susie.bedenfield@xfinity.com,8961 Seaforth Street,96134
53906,Sook,Bedenfield,sook.bedenfield@aol.com,12 Alpenhorn Avenue,12750
72995,Verda,Bax,verda.bax@aol.com,6 Kinnikinnick Street,18462
83096,Martha,Bax,martha.bax@netscape.com,296 Scenic View Drive,24317
90141,Kathrine,Baumkirchner,kathrine.baumkirchner@netscape.com,0 Avon PIace,59051
29076,Tobie,Baumkirchner,tobie.baumkirchner@gmail.com,5 BerryhilI Crescent,78644
61869,Jin,Baseley,jin.baseley@gmail.com,02 Inglis Street,67063
10489,Vashti,Baronne,vashti.baronne@xfinity.com,74 Cedar Park Circle,59215
50524,Ada,Barlak,ada.barlak@xfinity.com,943 Rockbank Crescent,39360
68128,Rudolf,Ballar,rudolf.ballar@aol.com,0158 East 85th Avenue,39044
69088,Marva,Bald,marva.bald@gmail.com,7 David Place,71318
56363,Edison,Bald,edison.bald@aol.com,41 Drumgray Lane,23125
25963,Deja,Bald,deja.bald@gmail.com,6648 Scamadale Road,72394
72185,Yajaira,Baine,yajaira.baine@xfinity.com,72 Billy's Alley Road,68456
8624,Van,Bahe,van.bahe@aol.com,3 Chapman Avenue,15665
12875,Renna,Badertscher,renna.badertscher@aol.com,036 Baxter Rd Trailer Court,05489
20834,Kathyrn,Bacman,kathyrn.bacman@aol.com,1 Terrace Lane,53191
95902,Edythe,Arroyano,edythe.arroyano@netscape.com,3 Guthrie Court,11724
27238,Guadalupe,Aquirre,guadalupe.aquirre@gmail.com,41 Cherry Street,95212
40705,Marlin,Amous,marlin.amous@aol.com,431 MeikeI Crescent,38337
99900,Rosia,Alvirez,rosia.alvirez@xfinity.com,9988 Haddow Grove,38141
20669,Precious,Alvirez,precious.alvirez@aol.com,5 Madelynne Drive,45325
65175,Jarrod,Albor,jarrod.albor@aol.com,0290 Kuskokwim Street,49649
18918,Cornell,Albor,cornell.albor@xfinity.com,75 Gstaad Way,35005
52343,Alvaro,Agudelo,alvaro.agudelo@gmail.com,598 Neva Circle,97530
